<?xml version="1.0" encoding="UTF-8" ?>
<!DOCTYPE struts PUBLIC
	"-//Apache Software Foundation//DTD Struts Configuration 2.3//EN"
	"http://struts.apache.org/dtds/struts-2.3.dtd">
<!-- 
  - This file is included by the struts.xml file as an example
  - of how to break up the configuration file into multiple files.
-->
<struts>
  <package name="creditmanager" namespace="/creditmanager" extends="struts-default">
    <action name="HelloWorld" class="com.recluit.workshop.creditmanager.HelloWorld">
      <result>/creditmanager/HelloWorld.jsp</result>
    </action>

    <action name="Login_*" method="{1}" class="com.recluit.workshop.creditmanager.Login">
      <result name="input">/creditmanager/Login.jsp</result>
      <result type="redirectAction">Menu</result>
    </action>

    <action name="*" class="com.recluit.workshop.creditmanager.ExampleSupport">
      <result>/creditmanager/{1}.jsp</result>
    </action>
    
    <!-- Add additional "creditmanager" package actions here. -->
    
  </package>
</struts>
