<?xml version="1.0" encoding="UTF-8"?>
<!DOCTYPE struts PUBLIC
	"-//Apache Software Foundation//DTD Struts Configuration 2.0//En"
	"http://struts.apache.org/dtds/struts-2.0.dtd">
<struts>
	<package name = "com.recluit.lab" extends = "struts-default">
		<action name="index">
			<result>/index.jsp</result>
		</action>
		<action name="books" class="com.recluit.lab.action.BookAction">
		<result name="success">/books.jsp</result>
		<result name="error">/error.jsp</result>
		</action>
	</package>
</struts> 